"SELLER_IMAGE_NUM","SELLER_IMAGE"
1,"winenara1_1.jpg"
1,"winenara1_2.jpg"
1,"winenara1_3.jpg"
1,"winenara1_4.jpg"
2,"winenara2_1.jpg"
2,"winenara2_2.jpg"
2,"winenara2_3.jpg"
2,"winenara2_4.jpg"
2,"winenara2_5.jpg"
2,"winenara2_6.jpg"
3,"winenara3_1.jpg"
3,"winenara3_2.jpg"
3,"winenara3_3.jpg"
3,"winenara3_4.jpg"
3,"winenara3_5.jpg"
3,"winenara3_6.jpg"
4,"winenara4_1.jpg"
4,"winenara4_2.jpg"
4,"winenara4_3.jpg"
4,"winenara4_4.jpg"
4,"winenara4_5.jpg"
5,"winenara5_1.jpg"
5,"winenara5_2.jpg"
5,"winenara5_3.jpg"
5,"winenara5_4.jpg"
5,"winenara5_5.jpg"
6,"winenara6_1.jpg"
6,"winenara6_2.jpg"
6,"winenara6_3.jpg"
6,"winenara6_4.jpg"
6,"winenara6_5.jpg"
